timedelta,Heartrate,Points,Time,userID,%crashes,mean_hr
00:00:00,53.58064516129032,0.0,0.2532258064516129,7.0,0.0,103.33234291749916
00:00:01,57.0,0.0,1.2666666666666666,7.0,0.0,105.20944039405128
00:00:02,58.266666666666666,0.0,2.271,7.0,0.0,106.66635896999085
00:00:03,57.46666666666667,0.0,3.2756666666666665,7.0,0.0,107.37468432770993
00:00:04,56.766666666666666,0.0,4.2829999999999995,7.0,0.0,107.57925426558435
00:00:05,56.53333333333333,0.0,5.289666666666665,7.0,0.0,107.48036534597883
00:00:06,54.86666666666667,0.0,6.2956666666666665,7.0,0.0,107.16385692921772
00:00:07,57.275862068965516,0.0,7.277931034482758,7.103448275862069,0.0,106.7658446256042
00:00:08,56.2,0.0,8.275999999999998,7.0,0.0,106.59348990905698
00:00:09,60.875,0.0,9.312500000000002,7.0,0.0,106.66964883001259
00:00:10,64.15151515151516,0.0,10.30636363636364,6.878787878787879,6.565656565656566,107.05531405556445
00:00:11,57.05,0.0,11.341250000000002,6.75,21.81980519480519,107.52676585705132
00:00:12,62.68571428571428,2.857142857142857,12.344,6.885714285714286,16.78883021740166,107.77692749678374
00:00:13,62.93478260869565,8.695652173913043,13.35695652173913,7.391304347826087,13.378932780022991,107.91308334744123
00:00:14,63.945945945945944,10.81081081081081,14.360540540540544,6.945945945945946,10.67560051709106,107.88079655834112
00:00:15,58.6140350877193,19.29824561403509,15.349298245614035,7.087719298245614,15.849030285514432,107.69831854815968
00:00:16,58.0,25.609756097560975,16.406341463414638,7.463414634146342,15.345034586970966,107.4169857820386
00:00:17,54.42553191489362,46.808510638297875,17.402978723404253,7.085106382978723,15.065126676723521,107.16534316737939
00:00:18,57.30952380952381,32.142857142857146,18.39857142857143,7.119047619047619,14.74542720572351,106.90556183098164
00:00:19,61.132075471698116,50.943396226415096,19.403207547169814,7.547169811320755,14.81576649231334,106.70508358429359
00:00:20,50.04545454545455,55.68181818181818,20.43704545454545,6.5,14.785556709331672,106.52330792874784
00:00:21,60.11363636363637,64.77272727272727,21.382045454545455,7.159090909090909,16.11650722461357,106.48359926477
00:00:22,61.5,81.52173913043478,22.311521739130438,7.217391304347826,16.101573240837144,106.47749721278187
00:00:23,52.94,71.0,23.388800000000007,7.32,15.320150396731044,106.49767730885831
00:00:24,63.224489795918366,89.79591836734694,24.40244897959183,7.346938775510204,14.606457579701058,106.48894698777067
00:00:25,54.24444444444445,100.0,25.407555555555557,6.733333333333333,14.329067323574176,106.52305080717271
00:00:26,67.6304347826087,121.73913043478261,26.392608695652168,8.065217391304348,14.309860526935825,106.52146049934764
00:00:27,52.583333333333336,116.66666666666667,27.396666666666675,6.6875,14.089692998653383,106.652394331776
00:00:28,63.75555555555555,114.44444444444444,28.391555555555552,7.333333333333333,14.838953798887886,106.63352469945234
00:00:29,55.95918367346939,141.83673469387756,29.396122448979597,7.224489795918367,14.86413123186275,106.74959538537904
00:00:30,64.88235294117646,128.4313725490196,30.454705882352947,7.176470588235294,14.487029419018237,106.8418856034873
00:00:31,54.90909090909091,142.04545454545453,31.420454545454547,7.454545454545454,14.825557964382112,106.99548457600105
00:00:32,59.63265306122449,168.3673469387755,32.4304081632653,6.857142857142857,15.072434958822118,107.06405338768006
00:00:33,53.5,143.47826086956522,33.41173913043478,6.978260869565218,15.246651117825298,107.15846220745475
00:00:34,60.333333333333336,179.16666666666666,34.37062499999998,7.5,15.275096133194758,107.20094676788018
00:00:35,59.80769230769231,162.5,35.39326923076923,7.019230769230769,15.705736648528474,107.24676008039229
00:00:36,56.45238095238095,192.85714285714286,36.40714285714285,7.571428571428571,15.792477701272126,107.3745738883994
00:00:37,60.15094339622642,197.16981132075472,37.42339622641509,6.471698113207547,15.61817018409309,107.4550515299643
00:00:38,58.1025641025641,200.0,38.36717948717948,7.410256410256411,15.33294509274901,107.51179364607272
00:00:39,64.12244897959184,241.83673469387756,39.39918367346938,6.979591836734694,14.946733984039952,107.53210905252416
00:00:40,54.955555555555556,213.33333333333334,40.38999999999999,7.177777777777778,14.76411490413355,107.60278208344207
00:00:41,62.395833333333336,244.79166666666666,41.44708333333333,7.270833333333333,14.268396569631781,107.66988047567982
00:00:42,57.577777777777776,237.77777777777777,42.36044444444443,6.7555555555555555,13.728510733427296,107.75329545322312
00:00:43,61.255319148936174,278.72340425531917,43.39680851063827,7.9787234042553195,13.581270699063689,107.7584333158511
00:00:44,58.627450980392155,257.84313725490193,44.397450980392136,7.1568627450980395,14.03555596378441,107.76691017647885
00:00:45,57.42553191489362,272.3404255319149,45.397234042553166,7.191489361702128,13.195693796628147,107.75329215990767
00:00:46,66.66666666666667,300.0,46.448823529411754,7.470588235294118,13.16970944450531,107.8054775389385
00:00:47,55.08695652173913,319.5652173913044,47.421739130434766,7.1521739130434785,12.649361275032087,107.83553317397838
00:00:48,59.08695652173913,321.7391304347826,48.41782608695651,7.021739130434782,12.86752642880302,107.86595985396076
00:00:49,60.416666666666664,355.2083333333333,49.43645833333329,7.458333333333333,12.630893755416858,107.94264093178705
00:00:50,61.71111111111111,350.0,50.46422222222222,6.911111111111111,12.314489978889444,108.00793234168623
00:00:51,58.22222222222222,352.22222222222223,51.468444444444415,6.866666666666666,11.50824626463852,108.10941418388602
00:00:52,56.13333333333333,320.0,52.38822222222221,6.888888888888889,11.768884478326354,108.10873052361471
00:00:53,59.90196078431372,388.2352941176471,53.421372549019594,7.137254901960785,12.14839360019686,108.17271440628328
00:00:54,61.5531914893617,394.6808510638298,54.442553191489345,7.723404255319149,11.898654472554277,108.20713468216901
00:00:55,65.36734693877551,371.42857142857144,55.45673469387754,7.122448979591836,11.705579943376573,108.28278143007627
00:00:56,55.97826086956522,404.3478260869565,56.43043478260868,7.195652173913044,11.643780866390616,108.40028819405377
00:00:57,64.38297872340425,401.06382978723406,57.47531914893615,7.1063829787234045,11.253302992273747,108.51492611410586
00:00:58,56.59090909090909,429.54545454545456,58.51500000000001,7.159090909090909,10.343288946726476,108.60186710579734
00:00:59,60.41304347826087,414.1304347826087,59.46804347826087,7.108695652173913,10.183190012676503,108.62710405167564
00:01:00,59.09090909090909,455.6818181818182,60.432272727272725,7.318181818181818,10.423047648837152,108.65334843291981
00:01:01,60.06122448979592,433.6734693877551,61.432448979591825,7.489795918367347,10.06312388172411,108.61564898844648
00:01:02,57.78260869565217,411.95652173913044,62.41804347826086,6.434782608695652,9.791308420744004,108.63916199913626
00:01:03,63.808510638297875,477.6595744680851,63.46425531914893,7.51063829787234,9.655452048126781,108.69590221846981
00:01:04,59.34615384615385,446.15384615384613,64.48923076923077,7.076923076923077,9.317740897815748,108.78621717666704
00:01:05,60.34146341463415,463.4146341463415,65.44902439024388,7.2682926829268295,8.53128227576675,108.92426045482252
00:01:06,60.5625,452.0833333333333,66.50145833333332,7.291666666666667,8.342950942411436,109.0763042360536
00:01:07,64.21951219512195,519.5121951219512,67.41585365853656,7.439024390243903,8.105895978402206,109.25379120663008
00:01:08,60.51111111111111,416.6666666666667,68.47999999999999,7.022222222222222,8.120190929902687,109.4134736833691
00:01:09,57.69090909090909,498.1818181818182,69.40545454545449,7.181818181818182,8.803327989694495,109.55884247966752
00:01:10,67.60975609756098,487.8048780487805,70.45658536585364,7.390243902439025,8.931372486200344,109.7185595844848
00:01:11,59.267857142857146,496.42857142857144,71.40446428571425,7.303571428571429,9.975177988539098,109.8794937914057
00:01:12,58.31111111111111,426.6666666666667,72.40311111111107,6.688888888888889,10.745766174627848,110.00928156756173
00:01:13,66.67307692307692,487.5,73.43903846153844,7.480769230769231,11.55135695340668,110.14880456266096
00:01:14,50.59574468085106,485.1063829787234,74.41276595744682,6.8936170212765955,11.286476377231732,110.24466560835972
00:01:15,74.6734693877551,502.0408163265306,75.51387755102043,7.8979591836734695,11.65438196393505,110.33353690558604
00:01:16,47.28,481.0,76.44700000000002,6.76,11.95619291219844,110.36418155923671
00:01:17,75.64583333333333,534.375,77.49145833333337,7.416666666666667,12.02169116598676,110.4503163494625
00:01:18,52.148936170212764,535.1063829787234,78.48914893617025,7.382978723404255,11.901309657396725,110.53201151355117
00:01:19,68.13461538461539,514.4230769230769,79.46250000000003,7.0576923076923075,11.902822043894234,110.55793547260939
00:01:20,55.9375,557.2916666666666,80.4672916666667,7.625,12.334638116507042,110.64076376425783
00:01:21,65.52542372881356,519.4915254237288,81.46694915254237,6.576271186440678,13.372199297725405,110.65682098433811
00:01:22,58.74418604651163,562.7906976744187,82.4451162790698,7.232558139534884,13.179131408505532,110.7460724355316
00:01:23,64.7843137254902,573.5294117647059,83.45313725490197,6.9411764705882355,13.117146882575767,110.79346488837115
00:01:24,58.86,583.0,84.47820000000003,7.38,13.418929219209994,110.89503520712152
00:01:25,63.40384615384615,566.3461538461538,85.50211538461541,7.038461538461538,13.377373395954077,110.94964287367986
00:01:26,59.55102040816327,557.1428571428571,86.525306122449,7.142857142857143,13.617763446994891,110.99145568821322
00:01:27,65.38,646.0,87.46419999999998,7.38,14.077849479167215,111.0249722693654
00:01:28,56.212765957446805,596.8085106382979,88.47063829787234,7.148936170212766,14.491571438814198,111.04797208231379
00:01:29,61.283018867924525,646.2264150943396,89.4624528301887,7.113207547169812,14.336792929170755,111.06780944229072
00:01:30,57.98039215686274,607.843137254902,90.45666666666666,7.470588235294118,14.606519370726204,111.051812899219
00:01:31,60.28846153846154,720.1923076923077,91.51250000000003,7.153846153846154,14.728355748883548,111.05661634717741
00:01:32,57.44897959183673,576.530612244898,92.46714285714289,6.836734693877551,14.945119492053934,111.08080841381933
00:01:33,65.7,772.0,93.51980000000002,8.06,14.735983075644748,111.0706907469395
00:01:34,54.528301886792455,633.0188679245283,94.51679245283017,6.7924528301886795,14.935114498688552,111.11946508998321
00:01:35,67.92,749.0,95.53760000000004,7.74,16.10497594144159,111.20161401929724
00:01:36,57.36363636363637,670.0,96.48127272727277,6.763636363636364,16.565164437893483,111.23258249337327
00:01:37,63.2037037037037,754.6296296296297,97.51481481481481,7.481481481481482,17.660444627274718,111.26744433770881
00:01:38,61.86,721.0,98.4998,7.0,18.02170307798759,111.3220095890771
00:01:39,57.204081632653065,676.530612244898,99.46795918367346,7.1020408163265305,18.43166963668694,111.32679019045176
00:01:40,66.67391304347827,745.6521739130435,100.48434782608695,7.086956521739131,17.920861718556992,111.42633169461075
00:01:41,54.63157894736842,695.6140350877193,101.47701754385965,7.087719298245614,17.62225400038154,111.44046751062656
00:01:42,59.6530612244898,694.8979591836735,102.56816326530614,6.551020408163265,17.643950622379382,111.57865901942537
00:01:43,62.28,778.0,103.52279999999999,7.66,17.004840940286055,111.60978824820886
00:01:44,61.509433962264154,716.0377358490566,104.57792452830188,6.69811320754717,17.458152469919135,111.70193445824074
00:01:45,58.64705882352941,767.6470588235294,105.53039215686272,7.450980392156863,17.654210110511613,111.73182778621577
00:01:46,59.94,710.0,106.55599999999998,6.44,17.615196452856026,111.74735379415127
00:01:47,62.509433962264154,833.0188679245283,107.54622641509432,7.60377358490566,17.76783444605515,111.79720448952521
00:01:48,56.48,711.0,108.53439999999999,6.42,17.83612140133205,111.83398641854923
00:01:49,63.86274509803921,827.4509803921569,109.54784313725486,7.549019607843137,17.74764731966596,111.89852945104916
00:01:50,62.4,745.0,110.53439999999996,6.88,17.794282412916324,111.98178510595034
00:01:51,64.07272727272728,905.4545454545455,111.56363636363633,7.4,17.206915190085567,112.06586432858613
00:01:52,61.66,804.0,112.5388,7.38,17.13309783443357,112.11291355229994
00:01:53,58.94230769230769,853.8461538461538,113.56576923076922,6.634615384615385,16.784165926950152,112.16226471431774
00:01:54,63.625,838.3928571428571,114.52964285714286,7.232142857142857,17.487558142689174,112.2402919115866
00:01:55,62.679245283018865,873.5849056603773,115.62132075471698,6.962264150943396,18.343050789913494,112.2894639235518
00:01:56,60.95744680851064,811.7021276595744,116.59063829787236,7.127659574468085,18.36059940972604,112.35452134130168
00:01:57,62.68518518518518,923.1481481481482,117.58944444444442,7.296296296296297,18.863997788635224,112.38697113819535
00:01:58,55.5531914893617,808.5106382978723,118.6210638297872,6.531914893617022,19.31219912457747,112.44675508503077
00:01:59,62.38181818181818,883.6363636363636,119.5352727272727,7.2727272727272725,19.48660446463674,112.49368260680825
00:02:00,67.26,938.0,120.60239999999997,6.78,19.38969892078088,112.59994005936079
00:02:01,58.94117647058823,856.8627450980392,121.56098039215685,7.254901960784314,18.898513695931065,112.647963686518
00:02:02,58.61702127659574,902.1276595744681,122.57659574468084,6.361702127659575,18.66046700698028,112.66478533911383
00:02:03,59.57692307692308,915.3846153846154,123.54730769230765,7.4423076923076925,18.504451982739024,112.61198420877248
00:02:04,64.62745098039215,971.5686274509804,124.59411764705881,7.019607843137255,18.3986760726833,112.68175614047928
00:02:05,62.170212765957444,961.7021276595744,125.59489361702124,7.276595744680851,17.524291710334296,112.73992223240121
00:02:06,57.21818181818182,862.7272727272727,126.58727272727273,6.5636363636363635,17.254932016294376,112.86234359935737
00:02:07,63.369565217391305,1058.695652173913,127.54652173913043,7.434782608695652,16.264167446405928,112.90514168504258
00:02:08,68.9298245614035,976.3157894736842,128.60017543859647,7.245614035087719,15.637256963650456,112.9914357932316
00:02:09,57.21951219512195,1042.6829268292684,129.5858536585366,7.170731707317073,14.7287448566773,113.04574342994144
00:02:10,63.925925925925924,980.5555555555555,130.5474074074074,6.981481481481482,15.050241028033849,113.10349567428356
00:02:11,58.244897959183675,1026.530612244898,131.59387755102043,7.081632653061225,14.668540616691548,113.09172140476622
00:02:12,63.9811320754717,1020.7547169811321,132.58528301886795,7.584905660377358,14.296291063936431,113.11838365134889
00:02:13,59.267857142857146,1011.6071428571429,133.59589285714284,6.928571428571429,14.384839616766635,113.08631129428151
00:02:14,60.88,1016.0,134.55780000000001,7.14,14.068028136121596,113.11119919621906
00:02:15,58.125,1058.3333333333333,135.59520833333332,6.75,13.649269095381173,113.13693735087121
00:02:16,63.125,1069.642857142857,136.57357142857146,7.482142857142857,13.683107222414597,113.13313518689507
00:02:17,61.0,1067.0,137.5602,7.08,14.036411949007588,113.19689817409261
00:02:18,63.375,1119.642857142857,138.5944642857143,7.303571428571429,14.276797322954566,113.25408087870457
00:02:19,55.0,1006.7307692307693,139.50826923076923,6.365384615384615,14.805553567899693,113.31864825318928
00:02:20,62.568627450980394,1157.8431372549019,140.56196078431378,7.372549019607843,14.798483546352486,113.37623009430985
00:02:21,64.43859649122807,1082.4561403508771,141.51807017543857,7.315789473684211,14.936179632045292,113.45495154807547
00:02:22,60.40816326530612,1160.204081632653,142.6081632653061,6.979591836734694,15.128840620469235,113.50521936621473
00:02:23,59.943396226415096,1119.811320754717,143.52433962264146,6.867924528301887,15.35787044526839,113.57557393296224
00:02:24,62.10204081632653,1192.857142857143,144.58408163265298,7.3061224489795915,14.741656257740592,113.6014406167981
00:02:25,64.61538461538461,1167.3076923076924,145.52480769230766,7.269230769230769,14.374522640000038,113.63442905551366
00:02:26,68.21153846153847,1178.8461538461538,146.54942307692303,7.096153846153846,13.929051820112575,113.63277473867124
00:02:27,52.76086956521739,1155.4347826086957,147.54260869565218,6.782608695652174,13.576713782528,113.67802516402163
00:02:28,68.15517241379311,1192.2413793103449,148.49844827586205,7.568965517241379,13.280076649359575,113.70788343723632
00:02:29,57.51063829787234,1136.1702127659576,149.5972340425532,6.425531914893617,13.174158874057666,113.7611072428672
00:02:30,61.09090909090909,1130.0,150.50745454545458,7.072727272727272,13.026803309820409,113.7408361744504
00:02:31,60.51923076923077,1327.8846153846155,151.58576923076924,6.961538461538462,13.189555176769163,113.68390848559
00:02:32,60.72,1136.0,152.50099999999998,6.66,13.641254959023424,113.62635604243776
00:02:33,64.67857142857143,1268.75,153.5491071428571,7.392857142857143,13.734303441301831,113.5402236009232
00:02:34,67.5,1299.0,154.53959999999998,7.34,14.135085653513306,113.48560198320031
00:02:35,53.10526315789474,1150.0,155.5519298245614,7.385964912280702,14.707829167410939,113.4186379915228
00:02:36,65.47619047619048,1271.4285714285713,156.4802380952381,6.904761904761905,14.837297821074623,113.37816414486258
00:02:37,50.56896551724138,1150.8620689655172,157.53706896551716,6.637931034482759,15.377582485308018,113.28797150883771
00:02:38,61.976190476190474,1314.2857142857142,158.47071428571425,7.333333333333333,15.318718873671449,113.23918266574704
00:02:39,61.22222222222222,1268.5185185185185,159.51870370370366,6.611111111111111,15.935195656706911,113.21165997288249
00:02:40,57.97872340425532,1230.8510638297873,160.50999999999993,7.48936170212766,16.24660472982902,113.14788962511929
00:02:41,61.16981132075472,1226.4150943396226,161.488679245283,6.547169811320755,16.76378309423098,113.17643073278188
00:02:42,52.22222222222222,1121.111111111111,162.554,6.777777777777778,17.365206277351913,113.21411026264096
00:02:43,58.95652173913044,1148.9130434782608,163.48413043478263,6.8478260869565215,17.41350347063184,113.24507460952273
00:02:44,54.97727272727273,1129.5454545454545,164.58045454545456,6.613636363636363,17.759691144235536,113.25029049291281
00:02:45,53.74418604651163,1133.7209302325582,165.5125581395349,6.627906976744186,18.079508647799063,113.27753482607375
00:02:46,60.92857142857143,1305.952380952381,166.5264285714286,7.238095238095238,17.916320047390297,113.23492822385377
00:02:47,59.666666666666664,1193.75,167.52604166666663,7.1875,17.818605924287194,113.25606745888986
00:02:48,62.35849056603774,1243.3962264150944,168.55698113207555,7.245283018867925,17.76665164174603,113.23401707821876
00:02:49,58.93181818181818,1235.2272727272727,169.56840909090909,7.2272727272727275,17.73246697332783,113.21137145220005
00:02:50,65.77358490566037,1198.1132075471698,170.50811320754718,6.773584905660377,17.95337865169982,113.16234806395644
00:02:51,61.87755102040816,1283.6734693877552,171.57306122448975,7.387755102040816,18.105001502443745,113.11316768652128
00:02:52,65.68,1243.0,172.52739999999997,7.42,17.775025726420726,113.07155365131308
00:02:53,55.77358490566038,1225.4716981132076,173.5741509433962,6.867924528301887,17.986304322336178,113.08924187874285
00:02:54,60.72,1230.0,174.5746,7.28,18.100210809601048,113.08117873732793
00:02:55,61.16,1263.0,175.57659999999998,7.04,18.737531423179032,113.07826939542171
00:02:56,68.0925925925926,1306.4814814814815,176.56296296296293,7.444444444444445,19.529050736709124,113.07504078686644
00:02:57,55.57692307692308,1183.6538461538462,177.5636538461538,6.788461538461538,20.016229142592863,113.01369898604882
00:02:58,58.0,1329.787234042553,178.55,6.9787234042553195,20.404519350122985,112.97387815733978
00:02:59,59.648148148148145,1236.111111111111,179.51962962962963,6.796296296296297,20.62665934009999,112.93779691392844
00:03:00,56.523809523809526,1228.5714285714287,180.50619047619045,6.9523809523809526,20.702448600035954,112.93567083879203
00:03:01,61.75471698113208,1194.3396226415093,181.44,6.60377358490566,20.796337068307825,112.94288055665042
00:03:02,54.266666666666666,1270.0,182.44977777777774,7.022222222222222,20.4169429632157,112.98932035159451
00:03:03,65.31372549019608,1258.8235294117646,183.4160784313725,6.549019607843137,20.609879124902186,113.02977924542208
00:03:04,58.02040816326531,1227.5510204081634,184.44040816326532,7.163265306122449,20.39420158954485,113.06027503265594
00:03:05,62.57446808510638,1276.595744680851,185.4189361702128,7.0638297872340425,19.742921441532914,113.09987067985875
00:03:06,55.41818181818182,1219.090909090909,186.4690909090909,7.0,19.760258177381594,113.14432201008287
00:03:07,67.29411764705883,1303.921568627451,187.45411764705887,6.8431372549019605,20.06530800524471,113.14107115448716
00:03:08,64.42,1288.0,188.49759999999998,7.36,20.351521032959692,113.13687026371362
00:03:09,56.755102040816325,1203.061224489796,189.4720408163265,7.061224489795919,20.079314031855485,113.20175244248982
00:03:10,70.56862745098039,1283.3333333333333,190.44411764705887,6.901960784313726,20.084301440322076,113.24652727057247
00:03:11,55.89090909090909,1244.5454545454545,191.5287272727273,7.345454545454546,20.11390381139232,113.33287838351823
00:03:12,64.96153846153847,1304.8076923076924,192.44096153846152,6.596153846153846,20.00211629177122,113.30027297135716
00:03:13,60.833333333333336,1259.375,193.56833333333327,7.333333333333333,20.07704268175681,113.43966394831361
00:03:14,63.19642857142857,1230.357142857143,194.41017857142856,6.571428571428571,20.540156979691265,113.54148264820198
00:03:15,62.775510204081634,1298.9795918367347,195.55897959183673,7.1020408163265305,20.879523745127095,113.69771137119542
00:03:16,70.5925925925926,1275.0,196.41962962962964,7.462962962962963,21.605836315903648,113.90020125707059
00:03:17,65.6,1224.5454545454545,197.4776363636364,6.6909090909090905,21.840666705061125,114.0605886724667
00:03:18,66.71428571428571,1218.3673469387754,198.4987755102041,7.387755102040816,22.071855203649953,114.30285145055166
00:03:19,68.26415094339623,1277.3584905660377,199.46037735849052,6.830188679245283,22.022333890149046,114.48651878722204
00:03:20,61.145833333333336,1279.1666666666667,200.49041666666668,6.9375,22.35423710875293,114.73564325085403
00:03:21,72.76271186440678,1227.1186440677966,201.4357627118644,7.101694915254237,22.76500735041295,115.01030786248556
00:03:22,59.8125,1268.75,202.48583333333337,7.104166666666667,23.127568677716667,115.30416555575918
00:03:23,68.55357142857143,1237.5,203.46125,7.196428571428571,22.97788611496565,115.59035879526236
00:03:24,58.97872340425532,1244.6808510638298,204.4882978723404,6.872340425531915,22.906503500260587,115.837451050805
00:03:25,72.18604651162791,1354.6511627906978,205.42837209302326,6.813953488372093,22.043967038396364,116.10574256000018
00:03:26,58.771929824561404,1248.2456140350878,206.42912280701756,7.175438596491228,21.79289891180013,116.37032074150535
00:03:27,65.84444444444445,1270.0,207.47133333333332,6.2,21.16617029086535,116.61365882708115
00:03:28,66.85454545454546,1336.3636363636363,208.46290909090908,7.763636363636364,20.548544050254424,116.808371797568
00:03:29,72.5111111111111,1420.0,209.4822222222222,6.844444444444444,20.437298897029578,117.02661240217877
00:03:30,67.40350877192982,1318.421052631579,210.4380701754386,7.2105263157894735,20.611851239698037,117.25221928627498
00:03:31,64.97777777777777,1371.111111111111,211.4551111111112,7.377777777777778,21.39353203907054,117.43705771287823
00:03:32,69.12,1359.0,212.39480000000003,6.7,21.674125979157875,117.61669395628259
00:03:33,65.48,1326.0,213.45719999999994,7.18,21.41637959103847,117.77702178478488
00:03:34,73.72916666666667,1392.7083333333333,214.3985416666666,7.125,21.21624571889927,117.91743752095242
00:03:35,62.69090909090909,1241.8181818181818,215.44690909090912,7.0181818181818185,21.631371850019146,118.06196507945
00:03:36,72.37777777777778,1411.111111111111,216.35488888888887,7.022222222222222,21.45163901879975,118.29414852265525
00:03:37,69.71153846153847,1360.576923076923,217.4175,7.076923076923077,20.878224706290794,118.47903526255642
00:03:38,66.4423076923077,1302.8846153846155,218.4086538461538,7.115384615384615,20.834127320379427,118.71829657804935
00:03:39,73.78181818181818,1484.5454545454545,219.44872727272724,7.472727272727273,21.540525506928372,118.9028155518568
00:03:40,56.52,1274.0,220.49599999999995,6.52,21.702900460573346,119.16553541799739
00:03:41,81.92727272727272,1387.2727272727273,221.43945454545448,7.4,22.28226759496555,119.39304679360575
00:03:42,64.6304347826087,1369.5652173913043,222.48130434782598,7.0,22.638763010938863,119.7527177578833
00:03:43,70.67241379310344,1295.6896551724137,223.43155172413785,6.810344827586207,23.469754644936337,120.04412972962547
00:03:44,58.294117647058826,1289.2156862745098,224.4829411764705,6.549019607843137,23.22627244168601,120.32790222733854
00:03:45,70.10204081632654,1374.4897959183672,225.45020408163265,6.816326530612245,23.5415651966717,120.53773507331341
00:03:46,63.80357142857143,1241.0714285714287,226.43446428571423,7.339285714285714,23.54345187236074,120.79766586277111
00:03:47,71.77777777777777,1336.6666666666667,227.45155555555556,6.911111111111111,23.699556896212915,121.11105230254415
00:03:48,69.88135593220339,1350.8474576271187,228.41067796610176,7.406779661016949,23.9650220414167,121.36430211981205
00:03:49,68.90196078431373,1313.7254901960785,229.43901960784314,7.215686274509804,23.75625444725553,121.67208487973171
00:03:50,65.0,1346.2962962962963,230.4755555555555,6.833333333333333,23.707086473542855,121.90571435460048
00:03:51,61.08695652173913,1172.8260869565217,231.49391304347836,6.760869565217392,22.60443205691359,122.14128077355818
00:03:52,71.73684210526316,1397.3684210526317,232.43473684210525,7.0,22.873184186979824,122.38361557681957
00:03:53,65.23404255319149,1312.7659574468084,233.48914893617024,6.702127659574468,23.037495025992513,122.67916842851871
00:03:54,74.51923076923077,1311.5384615384614,234.4271153846154,7.326923076923077,23.573118099168404,122.96167608751625
00:03:55,60.40384615384615,1309.6153846153845,235.41096153846155,6.846153846153846,24.26658562193995,123.20473700203794
00:03:56,72.29411764705883,1352.9411764705883,236.3923529411765,7.411764705882353,24.38478009922128,123.48014184130611
00:03:57,59.49090909090909,1255.4545454545455,237.4234545454545,6.654545454545454,24.70778187353949,123.71699799731277
00:03:58,74.19607843137256,1390.1960784313726,238.4231372549019,7.117647058823529,24.996302849899802,123.97150498655586
00:03:59,64.64814814814815,1312.962962962963,239.4601851851851,7.037037037037037,24.831684194577655,124.17427625281267
00:04:00,68.24444444444444,1412.2222222222222,240.43422222222216,7.311111111111111,24.40453990209372,124.36526344983498
00:04:01,64.43103448275862,1324.1379310344828,241.483448275862,6.310344827586207,23.85153285854255,124.5690504077246
00:04:02,65.53333333333333,1382.2222222222222,242.45933333333335,7.488888888888889,23.393244607828457,124.82296080097967
00:04:03,63.888888888888886,1350.0,243.4694444444444,6.2407407407407405,24.1333174636629,125.00960502537588
00:04:04,66.22448979591837,1308.1632653061224,244.4855102040816,7.408163265306122,24.648655783677544,125.21090596639755
00:04:05,67.15384615384616,1368.2692307692307,245.4590384615384,6.8076923076923075,24.64650053257661,125.35274859983227
00:04:06,68.08333333333333,1444.7916666666667,246.47020833333326,6.9375,24.72253589870617,125.52758660638712
00:04:07,72.30357142857143,1339.2857142857142,247.45000000000005,7.285714285714286,25.419270634577924,125.72162664252494
00:04:08,67.22448979591837,1364.2857142857142,248.4575510204082,6.857142857142857,25.949180193143224,125.79588741257334
00:04:09,59.629629629629626,1324.0740740740741,249.4825925925926,6.814814814814815,25.502851473591573,125.90299221007366
00:04:10,75.72222222222223,1427.7777777777778,250.47648148148158,7.12962962962963,25.8433701396005,125.99525502838412
00:04:11,60.48888888888889,1248.888888888889,251.47955555555555,6.7555555555555555,25.048133857306972,126.10031304295002
00:04:12,67.11475409836065,1349.1803278688524,252.46163934426224,6.901639344262295,25.091724102865253,126.1901193049798
00:04:13,63.61363636363637,1360.2272727272727,253.54863636363626,7.2727272727272725,24.026506323395758,126.28852950861815
00:04:14,69.55172413793103,1410.344827586207,254.46137931034485,6.551724137931035,24.30052682401251,126.4387477817023
00:04:15,71.26086956521739,1357.608695652174,255.52021739130433,7.543478260869565,23.638780803699103,126.51038444756975
00:04:16,74.32692307692308,1480.7692307692307,256.4132692307693,7.019230769230769,23.57780717184822,126.67180121701081
00:04:17,62.2,1307.0,257.5045999999999,7.06,23.033221627138204,126.74584810078579
00:04:18,71.37037037037037,1412.962962962963,258.407037037037,6.981481481481482,22.61468160968818,126.89178489928473
00:04:19,65.25490196078431,1402.9411764705883,259.533725490196,6.803921568627451,22.713488635432505,127.01229460818485
00:04:20,72.73584905660377,1421.698113207547,260.4518867924528,7.660377358490566,22.62487915586576,127.1439541006588
00:04:21,68.35849056603773,1413.2075471698113,261.521320754717,6.90566037735849,22.866396211519728,127.20736506829233
00:04:22,66.86666666666666,1466.6666666666667,262.46755555555563,7.288888888888889,22.631434364284722,127.27556685632835
00:04:23,65.875,1306.25,263.48839285714286,6.625,22.450723411051325,127.32024007780558
00:04:24,69.6938775510204,1480.6122448979593,264.5085714285714,7.26530612244898,22.36577538950714,127.42965932578124
00:04:25,63.32692307692308,1306.7307692307693,265.5265384615385,6.6923076923076925,21.941532052378687,127.45854874168957
00:04:26,67.58,1439.0,266.49100000000004,7.24,22.01775014272404,127.47908630348766
00:04:27,65.25454545454545,1381.8181818181818,267.4789090909091,6.527272727272727,22.17455165774896,127.5548716467715
00:04:28,76.34482758620689,1401.7241379310344,268.483448275862,7.413793103448276,22.656866779193606,127.58708096707879
00:04:29,66.3265306122449,1439.795918367347,269.48755102040815,7.326530612244898,23.057097602926103,127.62851510670124
00:04:30,69.74545454545455,1500.909090909091,270.5272727272727,6.945454545454545,23.451855699253347,127.70651434592361
00:04:31,62.916666666666664,1269.7916666666667,271.47604166666673,7.458333333333333,23.71180477167388,127.75257248818913
00:04:32,68.06557377049181,1469.672131147541,272.4932786885246,6.344262295081967,24.265236327854478,127.77123446758232
00:04:33,71.0,1441.6666666666667,273.56270833333343,7.604166666666667,24.00685201410661,127.79699856639873
00:04:34,66.75,1440.1785714285713,274.5235714285714,6.767857142857143,23.910333780166386,127.86253585020172
00:04:35,68.275,1463.75,275.56975,6.65,23.53594719227021,127.9010173553417
00:04:36,69.01818181818182,1425.4545454545455,276.47309090909084,7.290909090909091,23.468947857184208,127.94985253290879
00:04:37,72.56862745098039,1489.2156862745098,277.54490196078433,6.980392156862745,23.08904173321957,127.95099724672967
00:04:38,67.22448979591837,1498.9795918367347,278.5151020408164,7.040816326530612,22.544754465578265,128.0233261927128
00:04:39,70.47058823529412,1405.8823529411766,279.4794117647059,7.098039215686274,22.48316891990818,128.03098813875678
00:04:40,55.0,1370.1923076923076,280.5048076923077,6.4423076923076925,22.068062412137667,128.0597123697933
00:04:41,76.50847457627118,1516.949152542373,281.54016949152543,7.338983050847458,21.968235615306547,128.06970623740827
00:04:42,57.8,1384.4444444444443,282.50688888888885,7.022222222222222,21.463267743371084,128.03554137150238
00:04:43,74.37096774193549,1584.6774193548388,283.5316129032257,6.983870967741935,22.317556697949737,128.01455459364405
00:04:44,70.57407407407408,1461.111111111111,284.5412962962962,7.685185185185185,22.37352493086755,128.0024837053837
00:04:45,69.125,1416.9642857142858,285.5183928571428,6.464285714285714,23.014958748986352,128.01271255849613
00:04:46,71.47169811320755,1507.5471698113208,286.5284905660377,7.69811320754717,22.807950190690356,127.99285723787528
00:04:47,68.74,1456.0,287.512,6.98,23.375163213316785,128.0525968064763
00:04:48,66.70588235294117,1526.4705882352941,288.48352941176483,7.078431372549019,23.69776190862318,128.0837670536207
00:04:49,68.87272727272727,1484.5454545454545,289.4807272727274,7.181818181818182,23.63767796507782,128.11999908742447
00:04:50,62.89473684210526,1434.2105263157894,290.52526315789476,6.771929824561403,24.399574010191504,128.21670276711197
00:04:51,73.40384615384616,1540.3846153846155,291.5423076923077,7.461538461538462,24.984805781385464,128.27068656124015
00:04:52,71.56140350877193,1439.4736842105262,292.5449122807018,6.719298245614035,25.463820146307015,128.35157660115132
00:04:53,64.5625,1551.0416666666667,293.5604166666667,7.583333333333333,26.183426112240316,128.33531279110088
00:04:54,73.8135593220339,1500.8474576271187,294.55000000000007,6.983050847457627,26.16919053189809,128.3988641018624
00:04:55,62.15909090909091,1456.8181818181818,295.6029545454546,7.0,26.158835686525496,128.37818527764927
00:04:56,72.49090909090908,1504.5454545454545,296.47945454545453,7.163636363636364,26.551653116826557,128.40964376591893
00:04:57,63.604166666666664,1412.5,297.5687499999999,7.229166666666667,26.04162645027164,128.35849294930097
00:04:58,75.21153846153847,1520.1923076923076,298.48769230769227,7.115384615384615,25.75594623459208,128.429215147008
00:04:59,71.20370370370371,1483.3333333333333,299.58870370370363,6.981481481481482,25.505643243096056,128.42312835152518
00:05:00,61.875,1440.625,300.54749999999996,7.25,25.470181086161347,128.45811405864384
00:05:01,76.63793103448276,1568.103448275862,301.60793103448265,6.724137931034483,25.663577811682153,128.48526137778896
00:05:02,69.79166666666667,1338.5416666666667,302.5727083333333,7.708333333333333,25.903822379494773,128.5149355984558
00:05:03,72.06557377049181,1621.311475409836,303.5303278688525,6.80327868852459,26.465238126492697,128.51954038816044
00:05:04,63.755102040816325,1375.5102040816328,304.5734693877551,7.408163265306122,26.87434882548441,128.5037043530834
00:05:05,73.72727272727273,1524.5454545454545,305.5036363636363,7.036363636363636,27.460320987845154,128.5504594957709
00:05:06,63.895833333333336,1404.1666666666667,306.55249999999995,6.833333333333333,27.75631328225928,128.5353370639062
00:05:07,77.54545454545455,1555.4545454545455,307.4956363636363,7.4,27.484369163680768,128.60173983338123
00:05:08,66.59183673469387,1517.3469387755101,308.58693877551025,6.714285714285714,27.394092374090235,128.65826475853072
00:05:09,73.1086956521739,1526.0869565217392,309.4658695652174,7.173913043478261,27.152138623400823,128.70622202594478
00:05:10,58.698113207547166,1359.433962264151,310.5479245283019,6.679245283018868,27.029606737231063,128.74047378701127
00:05:11,69.4,1568.888888888889,311.518,7.4222222222222225,26.948195540251973,128.77340277461602
00:05:12,64.19148936170212,1409.5744680851064,312.59085106382986,6.468085106382978,27.18652056042177,128.80060351610328
00:05:13,72.825,1468.75,313.52350000000007,7.7,26.898000920573317,128.81521425396446
00:05:14,70.4047619047619,1591.6666666666667,314.5814285714286,6.833333333333333,25.932508432895684,128.83536662653702
00:05:15,68.4,1372.5,315.50675,7.0,25.65221159101359,128.8910372882006
00:05:16,73.41025641025641,1598.7179487179487,316.5543589743591,6.794871794871795,25.540026953379556,128.95751719723572
00:05:17,61.583333333333336,1405.5555555555557,317.5177777777779,6.444444444444445,25.234767204896386,128.99317675494143
00:05:18,69.15625,1515.625,318.559375,7.5,24.949326881632587,129.06910369376791
00:05:19,56.054054054054056,1371.6216216216217,319.462972972973,6.297297297297297,25.123615334755204,129.16890069891988
00:05:20,69.41176470588235,1498.5294117647059,320.52882352941157,7.117647058823529,24.50351612535823,129.22112162285688
00:05:21,64.86842105263158,1450.0,321.5165789473684,6.394736842105263,24.465777879575384,129.29467828009066
00:05:22,71.51612903225806,1593.5483870967741,322.5235483870967,6.870967741935484,23.77532008630227,129.30761468529562
00:05:23,61.28947368421053,1438.157894736842,323.4771052631578,6.2894736842105265,23.294019802271528,129.34665968589266
00:05:24,64.89473684210526,1517.1052631578948,324.51394736842093,6.7894736842105265,22.593171387909774,129.34795755445018
00:05:25,67.69047619047619,1525.0,325.5157142857142,6.619047619047619,22.757890069290667,129.38583521449354
00:05:26,61.351351351351354,1483.7837837837837,326.50648648648644,6.72972972972973,21.73831019808962,129.36629725612778
00:05:27,73.29166666666667,1659.375,327.5302083333333,7.166666666666667,21.81467467641968,129.3652867185672
00:05:28,67.675,1665.0,328.5447500000001,7.25,21.217489662831174,129.3070343579152
00:05:29,62.34782608695652,1515.2173913043478,329.5154347826087,7.0,21.536258916351585,129.26360717592024
00:05:30,69.22222222222223,1648.888888888889,330.53422222222224,7.0,21.93904637774439,129.2079494487745
00:05:31,65.56,1571.0,331.543,6.52,22.095365539377802,129.16507497153233
00:05:32,75.77777777777777,1633.3333333333333,332.5566666666668,7.288888888888889,21.13448437830423,129.17514447505522
00:05:33,57.625,1444.7916666666667,333.51583333333343,6.708333333333333,20.366059959283337,129.15727098090076
00:05:34,75.87755102040816,1744.8979591836735,334.5585714285714,7.387755102040816,19.873501684312945,129.0627305121311
00:05:35,66.28301886792453,1498.1132075471698,335.54490566037737,6.69811320754717,19.73300990953362,129.03089173805878
00:05:36,67.65217391304348,1672.8260869565217,336.5399999999999,6.695652173913044,19.672368499337267,128.95249423677083
00:05:37,70.03389830508475,1555.9322033898304,337.51779661016934,7.237288135593221,19.92165685584824,128.92037077059769
00:05:38,70.08163265306122,1618.3673469387754,338.6138775510204,6.959183673469388,20.611445201553067,128.85464637362526
00:05:39,67.3529411764706,1601.9607843137255,339.56470588235294,6.764705882352941,20.484632413984126,128.8701221180234
00:05:40,70.91666666666667,1615.625,340.58458333333334,7.479166666666667,19.92518179953318,128.7960342244188
00:05:41,63.83673469387755,1593.8775510204082,341.5428571428571,6.489795918367347,20.302567518882963,128.7526676874723
00:05:42,65.14893617021276,1573.404255319149,342.51851063829787,7.1063829787234045,20.482264763055696,128.7003436841502
00:05:43,61.464285714285715,1576.7857142857142,343.5194642857144,6.607142857142857,20.7490772083948,128.6286320479746
00:05:44,68.45098039215686,1613.7254901960785,344.52666666666676,6.882352941176471,22.175839743503886,128.57520548631246
00:05:45,65.27777777777777,1660.1851851851852,345.5403703703704,7.166666666666667,22.254708944498564,128.46229866016606
00:05:46,68.83018867924528,1642.4528301886792,346.5373584905662,7.2075471698113205,22.516782031076048,128.28571850825384
00:05:47,63.43636363636364,1644.5454545454545,347.5116363636363,6.6909090909090905,23.77876692888175,128.16642653577685
00:05:48,69.32142857142857,1659.8214285714287,348.5550000000002,7.160714285714286,23.56241472647608,127.99588587041514
00:05:49,54.333333333333336,1328.4313725490197,349.5586274509805,6.647058823529412,23.19272382889092,127.9096719415059
00:05:50,74.7,1735.0,350.5294000000001,7.22,22.41320370679588,127.8011391522205
00:05:51,63.96551724137931,1468.103448275862,351.5668965517242,7.155172413793103,22.32598337630505,127.72770255215191
00:05:52,67.80392156862744,1713.7254901960785,352.56039215686286,6.823529411764706,22.399426168250343,127.61232701561553
00:05:53,66.64150943396227,1643.3962264150944,353.5422641509434,6.981132075471698,22.813003153704994,127.55548125750543
00:05:54,69.3,1690.0,354.5212,6.8,22.70533076444292,127.4473092642462
00:05:55,64.25454545454545,1556.3636363636363,355.5087272727272,6.8,23.406001907711506,127.39252118192506
00:05:56,68.30188679245283,1662.2641509433963,356.4998113207546,7.0754716981132075,23.65667495197021,127.2607600659612
00:05:57,63.75,1593.3333333333333,357.5171666666667,6.816666666666666,24.306184416734535,127.1312409891918
00:05:58,62.411764705882355,1620.5882352941176,358.5707843137255,7.509803921568627,24.76238448541073,126.97293834016116
00:05:59,59.355932203389834,1523.7288135593221,359.56440677966094,6.135593220338983,25.613234438230585,126.87500430853035
00:06:00,64.0625,1672.9166666666667,360.5408333333333,7.291666666666667,25.83086108734075,126.74977440954044
00:06:01,69.16071428571429,1658.9285714285713,361.55607142857144,6.821428571428571,25.733129587161795,126.70908281297275
00:06:02,67.27450980392157,1644.1176470588234,362.520980392157,6.862745098039215,25.943029937934682,126.66936023012333
00:06:03,63.660377358490564,1659.433962264151,363.4777358490566,6.622641509433962,25.981754840526925,126.63323359318883
00:06:04,69.0204081632653,1631.6326530612246,364.47612244897954,7.26530612244898,25.732088558669005,126.56047301866364
00:06:05,65.74509803921569,1794.1176470588234,365.45254901960783,6.803921568627451,25.42559051378268,126.51357705487281
00:06:06,69.23214285714286,1651.7857142857142,366.47482142857143,7.535714285714286,25.687557556243217,126.40843493388587
00:06:07,64.68518518518519,1704.6296296296296,367.44277777777774,6.703703703703703,25.722231067273746,126.30959239849781
00:06:08,70.30909090909091,1765.4545454545455,368.47963636363653,7.090909090909091,25.391258722084554,126.24607208067492
00:06:09,61.808510638297875,1621.276595744681,369.50787234042554,7.148936170212766,25.350871621855475,126.17939130317959
00:06:10,76.51851851851852,1862.037037037037,370.42203703703706,7.333333333333333,25.526551681963458,126.12115346156878
00:06:11,61.40384615384615,1606.7307692307693,371.505576923077,6.846153846153846,25.060685129364565,126.06534534768757
00:06:12,76.08771929824562,1903.5087719298247,372.45649122807026,7.508771929824562,24.96822494755423,126.03113750831324
00:06:13,61.8,1597.0,373.4408000000001,6.56,24.9584595920465,125.9603390416769
00:06:14,75.2,1927.0,374.3980000000001,7.4,24.4706364375033,125.94167745005136
00:06:15,67.21428571428571,1691.0714285714287,375.43982142857146,6.535714285714286,24.39732353963385,125.9280716504235
00:06:16,72.93617021276596,1894.6808510638298,376.3989361702128,7.297872340425532,23.865064480676853,125.94023380764277
00:06:17,70.34545454545454,1705.4545454545455,377.4716363636363,7.0,23.22564382897759,125.98189018485309
00:06:18,65.58490566037736,1739.622641509434,378.5003773584905,7.69811320754717,23.22433175782236,126.0028359919887
00:06:19,75.21153846153847,1944.2307692307693,379.5476923076922,7.019230769230769,23.637688597463903,126.04619173906667
00:06:20,58.56,1562.0,380.45579999999995,7.12,24.09749772600409,126.07334379131645
00:06:21,71.56363636363636,1897.2727272727273,381.51454545454556,6.909090909090909,24.358695443836567,126.12313338560186
00:06:22,70.08888888888889,1757.7777777777778,382.465111111111,7.733333333333333,24.151536744647945,126.1472230707134
00:06:23,68.84482758620689,1752.5862068965516,383.45241379310346,6.879310344827586,23.901580391032414,126.169656376114
00:06:24,63.775510204081634,1680.6122448979593,384.4010204081633,7.142857142857143,24.365064542232286,126.26301310667269
00:06:25,77.91071428571429,1951.7857142857142,385.4430357142857,7.071428571428571,23.814989672552223,126.34065323462303
00:06:26,64.38775510204081,1639.795918367347,386.4351020408164,7.061224489795919,23.918096940821975,126.46159161725281
00:06:27,71.70588235294117,1885.2941176470588,387.4086274509805,6.901960784313726,23.499567185752394,126.52462144434664
00:06:28,68.96551724137932,1744.8275862068965,388.46827586206894,6.896551724137931,23.313243808849613,126.64366181722438
00:06:29,70.48979591836735,1770.408163265306,389.45408163265313,7.142857142857143,22.74037747575821,126.70249629763573
00:06:30,77.98275862068965,1962.0689655172414,390.4862068965518,7.120689655172414,22.147094937567473,126.80145784652895
00:06:31,63.808510638297875,1625.531914893617,391.4408510638298,7.085106382978723,22.19670747529892,126.86496503132472
00:06:32,73.71153846153847,1978.8461538461538,392.4528846153846,7.076923076923077,21.352691541024658,126.93916251919217
00:06:33,65.02,1602.0,393.4201999999999,7.12,21.040277781572385,127.00892315275595
00:06:34,68.9375,1950.0,394.3933333333334,6.958333333333333,21.099082466485154,127.06628909259233
00:06:35,69.85454545454546,1816.3636363636363,395.4205454545454,7.218181818181818,20.79425895281028,127.17347456151661
00:06:36,65.44897959183673,1757.142857142857,396.38755102040807,6.816326530612245,20.2364015027699,127.28089618906233
00:06:37,74.86274509803921,1949.0196078431372,397.4405882352941,7.0588235294117645,19.87933433847958,127.38372811787193
00:06:38,66.94444444444444,1788.888888888889,398.454074074074,7.425925925925926,20.054745317535836,127.43593085906981
00:06:39,67.46153846153847,1932.6923076923076,399.54249999999996,6.538461538461538,20.26978568306703,127.50194289931527
00:06:40,66.51063829787235,1771.276595744681,400.42553191489367,7.212765957446808,20.265569272867346,127.47990715339652
00:06:41,69.73214285714286,1956.25,401.4728571428571,6.821428571428571,20.551145368130523,127.50026838098883
00:06:42,63.94444444444444,1736.111111111111,402.4005555555556,7.296296296296297,20.824015615255203,127.52164342371816
00:06:43,66.82978723404256,1860.6382978723404,403.4285106382978,6.76595744680851,20.54869431679224,127.58369069146848
00:06:44,68.16666666666667,1718.5185185185185,404.4118518518519,7.037037037037037,19.995028569831177,127.71160472628273
00:06:45,76.95918367346938,2117.3469387755104,405.4448979591837,7.3061224489795915,19.36471253338006,127.82254005477925
00:06:46,66.0,1737.5,406.40923076923076,6.519230769230769,19.60700974286491,127.97479450889361
00:06:47,71.11320754716981,1908.4905660377358,407.4318867924528,7.132075471698113,19.48637295795549,128.09731582761606
00:06:48,72.80701754385964,1966.6666666666667,408.44403508771927,7.052631578947368,19.5172831401137,128.252937452881
00:06:49,68.40816326530613,1835.7142857142858,409.5063265306121,7.489795918367347,19.341369530831628,128.36320198949832
00:06:50,72.64814814814815,1954.6296296296296,410.4592592592592,6.851851851851852,18.931230940617745,128.4812399661359
00:06:51,71.11764705882354,1907.8431372549019,411.4662745098039,7.0588235294117645,19.031242897198496,128.5764801892016
00:06:52,70.5925925925926,1956.4814814814815,412.49092592592604,7.277777777777778,18.87052119582643,128.6277955015714
00:06:53,73.58695652173913,1904.3478260869565,413.43500000000006,7.3478260869565215,19.080993340052817,128.66281600619402
00:06:54,69.56,2044.0,414.41380000000004,6.88,18.499418638668125,128.74408223610402
00:06:55,68.69811320754717,1777.3584905660377,415.46849056603776,7.037735849056604,18.3667695890766,128.84740626671808
00:06:56,70.51923076923077,2018.2692307692307,416.3886538461539,6.653846153846154,18.66189448384159,128.94532955453158
00:06:57,64.85185185185185,1824.0740740740741,417.4538888888889,7.037037037037037,18.69904010338908,129.0809551001514
00:06:58,73.16981132075472,2008.4905660377358,418.44792452830194,7.169811320754717,18.949318623874667,129.16551341726884
00:06:59,62.410714285714285,1855.357142857143,419.50714285714287,6.214285714285714,19.348879769950553,129.25387374286126
00:07:00,57.88235294117647,1725.4901960784314,420.4747058823529,6.745098039215686,20.110896880823596,129.31446928661177
00:07:01,72.03508771929825,1954.3859649122808,421.49263157894745,6.859649122807017,20.27151997723458,129.34847186516132
00:07:02,66.03846153846153,1842.3076923076924,422.4457692307694,7.230769230769231,21.692958183962272,129.3864006413782
00:07:03,71.07843137254902,2006.862745098039,423.4450980392158,6.450980392156863,22.31662073953196,129.4683550995343
00:07:04,71.01694915254237,1875.4237288135594,424.42135593220354,7.220338983050848,22.996347699258862,129.45791023219854
00:07:05,60.0,1840.1960784313726,425.45843137254906,6.627450980392157,23.66414443342823,129.4725888483898
00:07:06,80.24528301886792,2137.735849056604,426.4467924528302,7.30188679245283,23.955642466542294,129.4962416076536
00:07:07,60.9811320754717,1845.2830188679245,427.4660377358491,6.830188679245283,23.77402880547048,129.48778692148352
00:07:08,75.12,2084.0,428.45459999999997,7.2,23.981185272755575,129.57124194834222
00:07:09,65.47368421052632,1764.9122807017543,429.5254385964913,7.280701754385965,24.16704011736362,129.6277730447696
00:07:10,69.6470588235294,2011.764705882353,430.49843137254885,6.529411764705882,24.91545547280921,129.71999243726952
00:07:11,75.44,2061.0,431.4821999999999,7.6,24.93048732841973,129.7355250267654
00:07:12,71.65384615384616,2014.423076923077,432.49711538461537,7.076923076923077,24.15601595707266,129.80843542704045
00:07:13,63.63265306122449,1776.530612244898,433.538163265306,7.142857142857143,23.79664284415805,129.84994820615896
00:07:14,73.41176470588235,2150.9803921568628,434.43313725490196,6.901960784313726,24.55192800502714,129.84286020297645
00:07:15,70.01724137931035,1830.1724137931035,435.5044827586207,7.310344827586207,24.999709280886265,129.8413497686551
00:07:16,67.57692307692308,2076.923076923077,436.52519230769235,6.538461538461538,25.005814297610193,129.80543110780815
00:07:17,68.33928571428571,1950.0,437.54946428571424,7.196428571428571,25.445081568560227,129.832135056921
00:07:18,65.38775510204081,1870.408163265306,438.5173469387756,6.857142857142857,25.562202184350657,129.7947130913032
00:07:19,76.04166666666667,2152.0833333333335,439.4954166666667,7.479166666666667,24.893879156097828,129.80537971364313
00:07:20,63.392857142857146,1852.6785714285713,440.52321428571446,6.732142857142857,25.021917310331766,129.80012593481038
00:07:21,68.85714285714286,2108.1632653061224,441.5197959183673,6.857142857142857,24.635567982487732,129.81335121677492
00:07:22,71.23636363636363,1983.6363636363637,442.4985454545454,7.290909090909091,24.872593222766294,129.83647171025402
00:07:23,69.82,1925.0,443.49340000000007,7.18,24.56509254673998,129.88199828736833
00:07:24,72.79629629629629,2014.8148148148148,444.4783333333332,7.333333333333333,25.099849867484405,129.9014528009669
00:07:25,68.88235294117646,2155.8823529411766,445.48549019607844,7.0,25.269598962435076,129.94457468565486
00:07:26,74.61111111111111,1986.111111111111,446.4961111111112,7.351851851851852,24.94320720555993,130.0076528783742
00:07:27,65.14285714285714,1985.7142857142858,447.4832653061225,6.530612244897959,24.841083730237617,130.07722054037325
00:07:28,74.85,2114.1666666666665,448.5060000000001,7.65,24.880690622908627,130.1231237263917
00:07:29,68.52941176470588,2014.7058823529412,449.56764705882364,7.078431372549019,23.99428291881056,130.21106687721928
00:07:30,73.03703703703704,2075.925925925926,450.53166666666664,6.888888888888889,24.01309687138227,130.34670363243373
00:07:31,66.84313725490196,1987.2549019607843,451.52705882352944,6.7254901960784315,23.470247247660534,130.42364520207036
00:07:32,73.86792452830188,2147.169811320755,452.4962264150944,6.943396226415095,22.66048333588946,130.51308765358846
00:07:33,69.93877551020408,1976.530612244898,453.53469387755104,7.061224489795919,21.92225001935397,130.54322848362102
00:07:34,68.51851851851852,2081.4814814814813,454.48037037037034,6.592592592592593,21.085818420272748,130.582319534857
00:07:35,69.81632653061224,2032.6530612244899,455.5106122448978,7.346938775510204,20.369856594076072,130.5915370062298
00:07:36,71.52941176470588,2246.078431372549,456.48098039215705,6.627450980392157,20.103634327523146,130.6018240289049
00:07:37,68.78846153846153,2071.153846153846,457.4569230769231,7.5,20.33067632595894,130.61388445099362
00:07:38,69.67307692307692,2157.6923076923076,458.45480769230767,6.788461538461538,19.924829342431458,130.5915606844491
00:07:39,62.44444444444444,2041.6666666666667,459.445,7.0,20.002620490815268,130.62857459554237
00:07:40,76.875,2083.3333333333335,460.4729166666666,7.083333333333333,19.389813406390672,130.63552918196464
00:07:41,64.53846153846153,2201.923076923077,461.4609615384615,6.826923076923077,18.915725877128658,130.64764781413675
00:07:42,75.40384615384616,2044.2307692307693,462.52942307692314,7.0576923076923075,19.156396787301972,130.69155494964724
00:07:43,69.32,2310.0,463.4546000000001,7.24,19.13715578916114,130.74509612093757
00:07:44,69.75510204081633,2081.6326530612246,464.50265306122463,6.959183673469388,18.634066582292377,130.72698952135053
00:07:45,71.41176470588235,2127.450980392157,465.40156862745096,7.392156862745098,18.302946243777512,130.7501404988623
00:07:46,68.9795918367347,2177.5510204081634,466.49653061224484,7.244897959183674,18.183388836383404,130.73809989944934
00:07:47,67.73913043478261,2128.2608695652175,467.41760869565223,7.086956521739131,17.65868310792476,130.77325167926853
00:07:48,65.625,2042.7083333333333,468.50145833333335,6.958333333333333,17.521235964635135,130.7336450888861
00:07:49,62.88636363636363,2128.409090909091,469.43454545454546,7.045454545454546,18.005008370571186,130.7534484907841
00:07:50,69.79166666666667,2122.9166666666665,470.4704166666666,7.25,18.437054068484414,130.7153730892721
00:07:51,63.94117647058823,2077.9411764705883,471.4632352941177,6.823529411764706,18.31680827188241,130.74145217126446
00:07:52,69.9090909090909,2076.1363636363635,472.46590909090895,7.0,18.485258606996982,130.74535523612494
00:07:53,60.55555555555556,1970.8333333333333,473.51527777777784,6.972222222222222,18.33536111949148,130.75477091182472
00:07:54,66.51282051282051,2098.7179487179487,474.43487179487187,6.538461538461538,18.4083673232756,130.81126736126953
00:07:55,66.86842105263158,1969.7368421052631,475.467105263158,7.552631578947368,18.624429843733452,130.8168259135633
00:07:56,60.64705882352941,2029.4117647058824,476.4526470588236,6.323529411764706,18.510506643968682,130.8263641934658
00:07:57,63.044444444444444,2034.4444444444443,477.4808888888888,6.711111111111111,18.262302302072083,130.86069406415334
00:07:58,68.11764705882354,2123.529411764706,478.4676470588235,6.882352941176471,17.704902129214492,130.84307507207313
00:07:59,61.34782608695652,2073.913043478261,479.4482608695653,6.543478260869565,18.238329568081117,130.8494243558252
00:08:00,62.19512195121951,2032.9268292682927,480.47780487804886,6.7073170731707314,17.544713710012953,130.81705880127174
00:08:01,67.23076923076923,2362.8205128205127,481.4510256410255,7.0256410256410255,17.86107993439937,130.7535257687966
00:08:02,66.55319148936171,2041.4893617021276,482.4761702127659,7.0,17.79761945557535,130.66334084997928
00:08:03,70.09756097560975,2330.487804878049,483.4704878048778,7.2439024390243905,17.744570398168303,130.59724583645186
00:08:04,67.2,2197.777777777778,484.43577777777773,7.111111111111111,17.51665604513259,130.52185605429992
00:08:05,63.26923076923077,2212.5,485.50076923076927,7.519230769230769,18.06131723975074,130.4549564636211
00:08:06,71.53658536585365,2226.829268292683,486.48926829268294,6.560975609756097,18.57683626901535,130.37080930056882
00:08:07,66.9245283018868,2113.2075471698113,487.46849056603776,7.622641509433962,18.88692688796442,130.21400670736693
00:08:08,68.04347826086956,2246.7391304347825,488.45847826086964,6.782608695652174,19.873792660893606,130.1343563911158
00:08:09,64.3103448275862,2141.3793103448274,489.4896551724139,7.172413793103448,20.604990397992438,129.98864192999068
00:08:10,62.63265306122449,2011.2244897959183,490.4595918367348,6.673469387755102,21.354170384662215,129.8867746423281
00:08:11,77.03448275862068,2337.9310344827586,491.49086206896555,7.189655172413793,22.86682682211774,129.82564234762123
00:08:12,66.33333333333333,2084.4444444444443,492.4568888888889,6.888888888888889,23.892179110355574,129.79561594329797
00:08:13,71.14545454545454,2238.181818181818,493.4501818181816,6.654545454545454,24.523759230025505,129.76444246191386
00:08:14,69.47058823529412,2279.4117647058824,494.49862745098034,7.431372549019608,25.017309817632025,129.73325337512287
00:08:15,63.84615384615385,2234.6153846153848,495.4782692307691,6.5576923076923075,25.825115746605118,129.68865766827045
00:08:16,73.45098039215686,2293.1372549019607,496.47058823529403,7.196078431372549,26.42639344761262,129.62298360751308
00:08:17,67.92156862745098,2203.921568627451,497.5009803921567,6.294117647058823,26.6706198344198,129.5629867614527
00:08:18,66.0,2236.1111111111113,498.48907407407387,7.111111111111111,26.78359173141362,129.54532538151847
00:08:19,64.94642857142857,2176.785714285714,499.52767857142834,6.5,26.577009956720868,129.50079666696175
00:08:20,64.32,2151.0,500.47279999999984,6.8,26.80579288853034,129.40101597720977
00:08:21,75.42857142857143,2292.8571428571427,501.4699999999999,6.959183673469388,26.425412836990528,129.32702572089363
00:08:22,65.08474576271186,2302.5423728813557,502.4654237288136,6.779661016949152,26.524769641785802,129.2421307503058
00:08:23,69.0,2077.5510204081634,503.51959183673466,6.918367346938775,26.64361059674053,129.20677040158677
00:08:24,70.50943396226415,2393.396226415094,504.4632075471697,6.830188679245283,26.35537688500724,129.14563985658245
00:08:25,61.54545454545455,1994.5454545454545,505.5578181818181,7.0,26.071277576117613,129.09724643286248
00:08:26,72.40816326530613,2251.0204081632655,506.45816326530615,6.530612244897959,25.846869057825312,129.0810140567445
00:08:27,65.05882352941177,2160.7843137254904,507.5482352941175,7.176470588235294,25.940325513476107,129.03757077872083
00:08:28,67.08510638297872,2150.0,508.48446808510624,6.574468085106383,26.042946836159953,129.06784850621503
00:08:29,66.74545454545455,2261.818181818182,509.50800000000004,6.927272727272728,25.79131049997204,129.0105658093743
00:08:30,64.12765957446808,2160.6382978723404,510.472340425532,6.319148936170213,25.379188334868545,128.96681256538713
00:08:31,57.905660377358494,2091.509433962264,511.52471698113203,6.7924528301886795,24.938851027622384,128.93388306833324
00:08:32,73.47169811320755,2307.5471698113206,512.4901886792453,6.754716981132075,25.06072299991191,128.90783973686843
00:08:33,64.25,2063.4615384615386,513.509423076923,6.865384615384615,25.63883889700799,128.8772939016837
00:08:34,70.53703703703704,2268.5185185185187,514.4375925925929,7.222222222222222,26.807553657401886,128.8396842561223
00:08:35,66.39285714285714,2187.5,515.5012499999999,6.642857142857143,26.77373649972841,128.77106447214717
00:08:36,66.60377358490567,2149.056603773585,516.5298113207547,7.113207547169812,27.040047466512735,128.76612057302893
00:08:37,62.64,2107.0,517.5219999999999,6.08,27.125473113837046,128.73297700764317
00:08:38,74.70175438596492,2329.8245614035086,518.5245614035088,7.807017543859649,27.306987906257483,128.77988361953996
00:08:39,61.80769230769231,2053.846153846154,519.5378846153849,6.346153846153846,27.374151362814374,128.79809501985451
00:08:40,74.31372549019608,2405.8823529411766,520.5409803921568,7.1568627450980395,26.38927523744575,128.83080994082232
00:08:41,60.88461538461539,1951.923076923077,521.5173076923078,7.076923076923077,26.087258054010345,128.79642942741714
00:08:42,78.03448275862068,2474.137931034483,522.4943103448276,7.379310344827586,25.625552662365948,128.83305025129232
00:08:43,61.40816326530612,1920.408163265306,523.555306122449,6.857142857142857,25.891725982229474,128.88004262665277
00:08:44,71.28070175438596,2456.1403508771928,524.4915789473685,6.824561403508772,25.730884804844298,128.88819819720968
00:08:45,67.41818181818182,2129.090909090909,525.598,6.890909090909091,26.0046897411285,129.00298926188466
00:08:46,73.46153846153847,2311.5384615384614,526.5203846153845,7.076923076923077,26.068281548666896,129.07823713464552
00:08:47,62.60377358490566,2007.5471698113208,527.5475471698114,6.9245283018867925,26.276453395634753,129.13567133868344
00:08:48,72.3529411764706,2258.823529411765,528.5535294117647,7.235294117647059,26.3168231035893,129.2001861956346
00:08:49,62.979166666666664,2087.5,529.5620833333335,6.916666666666667,26.195956163287747,129.26073137608842
00:08:50,71.03921568627452,2103.921568627451,530.5819607843138,6.9411764705882355,25.119806393367174,129.37862142842025
00:08:51,63.907407407407405,2251.8518518518517,531.5544444444442,6.777777777777778,25.153665604591495,129.4824198123545
00:08:52,75.72549019607843,2318.627450980392,532.5721568627451,7.078431372549019,24.648641158466834,129.64877485977595
00:08:53,74.11111111111111,2321.296296296296,533.5555555555555,6.87037037037037,24.057531426176,129.82226859316327
00:08:54,65.71153846153847,2145.1923076923076,534.5651923076923,6.903846153846154,23.677126599039124,129.95302441073667
00:08:55,71.55555555555556,2361.1111111111113,535.5281481481483,6.925925925925926,23.273175639915795,130.05580598396676
00:08:56,68.17857142857143,2344.6428571428573,536.6355357142858,7.053571428571429,22.96547720986057,130.19688345546552
00:08:57,75.7560975609756,2352.439024390244,537.569756097561,6.658536585365853,22.787292545808626,130.3660496973451
00:08:58,71.42105263157895,2369.2982456140353,538.5736842105264,7.298245614035087,22.56000265022921,130.50207056824706
00:08:59,66.9,2231.25,539.6232500000003,6.575,22.057187524211617,130.67387898445912
00:09:00,68.43103448275862,2348.2758620689656,540.53,6.879310344827586,21.87284597475125,130.8014227684371
00:09:01,73.87234042553192,2232.978723404255,541.6187234042553,7.1063829787234045,21.770045789022422,130.92522042503617
00:09:02,72.2909090909091,2479.090909090909,542.5361818181817,6.818181818181818,21.68769211050883,130.98325663181788
00:09:03,74.96296296296296,2347.222222222222,543.5690740740741,7.796296296296297,21.758951199634314,131.04384791704607
00:09:04,70.31372549019608,2367.6470588235293,544.5692156862746,6.470588235294118,21.136305703081234,131.11412155621696
00:09:05,65.50943396226415,2072.6415094339623,545.5566037735848,7.056603773584905,21.389285105502307,131.2103982050781
00:09:06,71.69811320754717,2474.5283018867926,546.5539622641511,6.283018867924528,20.996948170419273,131.29511098163147
00:09:07,60.0,2147.0588235294117,547.5505882352942,6.9411764705882355,21.009346431748366,131.3702733121261
00:09:08,76.1923076923077,2399.0384615384614,548.4984615384616,6.634615384615385,20.442084270757846,131.42824061612453
00:09:09,74.6470588235294,2416.6666666666665,549.5339215686275,7.921568627450981,20.09078092269073,131.56254609311537
00:09:10,66.8076923076923,2103.846153846154,550.4998076923076,6.173076923076923,20.824152899809455,131.66161406268412
00:09:11,69.16981132075472,2466.0377358490564,551.4815094339622,7.150943396226415,20.984273969982628,131.7444062079324
00:09:12,67.39583333333333,2205.2083333333335,552.5160416666668,6.729166666666667,20.78642139066937,131.80399209193698
00:09:13,75.61111111111111,2523.1481481481483,553.4440740740741,7.296296296296297,20.338854912387315,131.8399200110131
00:09:14,73.77777777777777,2324.074074074074,554.5433333333334,7.12962962962963,20.501820406002686,131.92008664954554
00:09:15,76.06122448979592,2497.9591836734694,555.3928571428571,7.122448979591836,19.876295412967565,131.95209746309254
00:09:16,70.27586206896552,2445.689655172414,556.5358620689653,7.206896551724138,19.139504793754053,132.01002481664543
00:09:17,74.72093023255815,2413.953488372093,557.4555813953486,6.8604651162790695,18.620416204388096,132.03099155178296
00:09:18,63.20338983050848,2308.4745762711864,558.4896610169491,7.1525423728813555,18.60516386848586,132.06761882258553
00:09:19,73.28571428571429,2386.734693877551,559.5030612244898,6.938775510204081,19.11796199733847,132.09936484581578
00:09:20,68.55932203389831,2433.898305084746,560.5022033898306,6.966101694915254,20.044235824547865,132.15221964338906
00:09:21,72.22,2263.0,561.4732,7.18,20.16524253198807,132.21906183239693
00:09:22,73.57692307692308,2609.6153846153848,562.4838461538462,7.0576923076923075,20.015588748498526,132.26042924044074
00:09:23,69.39583333333333,2293.75,563.4479166666666,7.083333333333333,20.053899637128776,132.37781295767195
00:09:24,74.26785714285714,2459.8214285714284,564.4817857142857,6.857142857142857,19.98689930588427,132.48157340575904
00:09:25,72.5,2346.590909090909,565.460909090909,7.113636363636363,20.059732231431685,132.60087714152053
00:09:26,77.03636363636363,2463.6363636363635,566.4749090909093,7.2727272727272725,19.943018288184497,132.6614864685981
00:09:27,71.78,2462.0,567.5226000000001,7.42,20.137868779422178,132.71643901697786
00:09:28,63.84313725490196,2397.0588235294117,568.4627450980391,6.529411764705882,20.455872924071045,132.71757957626906
00:09:29,72.38888888888889,2403.703703703704,569.4679629629628,7.87037037037037,21.19163248755999,132.7448882015564
00:09:30,75.61224489795919,2481.6326530612246,570.4934693877553,6.857142857142857,21.808370850921147,132.78833262931755
00:09:31,72.35185185185185,2364.814814814815,571.4187037037036,7.574074074074074,22.250824024208008,132.83245440124264
00:09:32,73.36206896551724,2406.896551724138,572.5206896551725,6.758620689655173,22.40221479120179,132.88637933818023
00:09:33,74.29411764705883,2482.3529411764707,573.4564705882353,7.411764705882353,22.465891340218242,132.91587871916303
00:09:34,67.45283018867924,2233.0188679245284,574.4783018867925,7.0,22.471840839698025,132.96822856269338
00:09:35,82.82,2707.0,575.4492000000001,7.44,21.982294726461756,132.95911896756027
00:09:36,60.49122807017544,2224.561403508772,576.4989473684211,6.578947368421052,22.803048763165556,132.99880879954674
00:09:37,79.14285714285714,2500.0,577.4655102040817,7.285714285714286,22.568019135557336,133.0099362740063
00:09:38,66.73770491803279,2393.44262295082,578.5049180327869,7.114754098360656,22.728471352636017,132.99975810803673
00:09:39,67.40384615384616,2317.3076923076924,579.4688461538462,6.519230769230769,22.90147654053413,133.01524359598307
00:09:40,69.58333333333333,2480.0,580.5235,7.55,23.17508623356226,133.01424799079606
00:09:41,68.38636363636364,2159.090909090909,581.4693181818183,6.409090909090909,22.802685304868763,133.02720223305002
00:09:42,72.88135593220339,2664.406779661017,582.4352542372883,7.559322033898305,23.078089395387096,132.9921306803782
00:09:43,73.3265306122449,2374.4897959183672,583.4902040816328,7.285714285714286,23.08478910912819,132.98060207466722
00:09:44,72.82456140350877,2521.9298245614036,584.4063157894738,6.859649122807017,23.0506910942741,132.98316928843374
00:09:45,72.0701754385965,2417.5438596491226,585.470350877193,7.421052631578948,23.490857794716607,133.03815177424173
00:09:46,78.40816326530613,2590.816326530612,586.4599999999999,7.183673469387755,23.43101225319481,133.08845566790637
00:09:47,70.11666666666666,2541.6666666666665,587.4698333333334,7.25,23.770274699715074,133.0817362242622
00:09:48,77.42222222222222,2530.0,588.474,6.622222222222222,23.758455344539772,133.06176066854516
00:09:49,64.68333333333334,2452.5,589.3978333333332,7.383333333333334,23.621151476945233,133.03687940537773
00:09:50,68.48076923076923,2408.653846153846,590.5463461538461,6.75,23.037845411498147,133.02206117046074
00:09:51,68.4,2487.0,591.4429999999999,7.16,23.431700757047224,132.9750350502574
00:09:52,67.12727272727273,2319.090909090909,592.5238181818182,6.836363636363636,23.71690621916294,132.96093162457387
00:09:53,72.05454545454545,2676.3636363636365,593.4985454545454,6.963636363636364,23.940876489116107,132.93865442883273
00:09:54,69.42307692307692,2361.5384615384614,594.5092307692306,7.019230769230769,24.872531357286604,133.01163522475625
00:09:55,72.03703703703704,2561.1111111111113,595.4666666666668,7.0,24.87427210743074,133.00323202893537
00:09:56,75.38775510204081,2641.8367346938776,596.5287755102041,7.571428571428571,24.8133776349185,133.02832170501298
00:09:57,76.08163265306122,2650.0,597.4816326530611,6.959183673469388,24.379548653721088,133.0545856692706
00:09:58,69.20833333333333,2543.75,598.5164583333334,7.208333333333333,23.759810389633913,133.06545901885008
00:09:59,76.26,2553.0,599.4715999999999,6.72,23.081232785763596,133.10116507061818
00:10:00,65.41818181818182,2542.7272727272725,600.4859999999998,7.0,22.57887390016682,133.16147517547049
00:10:01,72.28571428571429,2496.938775510204,601.5038775510204,6.714285714285714,21.932562119485485,133.22200658516354
00:10:02,68.64814814814815,2633.3333333333335,602.4829629629628,7.055555555555555,21.395008444930728,133.2755868127033
00:10:03,77.31914893617021,2677.659574468085,603.4725531914894,7.212765957446808,21.019836474465542,133.3587439326056
00:10:04,77.20370370370371,2792.5925925925926,604.4994444444446,7.055555555555555,20.55394247766,133.3813383597637
00:10:05,68.28,2643.0,605.4861999999999,7.36,20.160739556907807,133.39751780306636
00:10:06,75.28,2856.0,606.5143999999999,6.76,19.09519013610735,133.38445113748134
00:10:07,70.6,2456.0,607.4867999999999,7.6,18.96953077590783,133.4327116114479
00:10:08,71.27450980392157,2653.921568627451,608.507450980392,6.686274509803922,18.567658699562443,133.46150489571747
00:10:09,73.70370370370371,2613.8888888888887,609.4777777777776,7.518518518518518,18.396161576695764,133.49735796975716
00:10:10,71.22222222222223,2647.222222222222,610.4718518518516,7.018518518518518,18.178914545290453,133.55589902989797
00:10:11,69.98214285714286,2720.535714285714,611.5048214285715,6.928571428571429,18.424724159380215,133.554046118919
00:10:12,70.34042553191489,2336.1702127659573,612.5006382978723,7.25531914893617,17.95785588215429,133.58705879458756
00:10:13,71.51162790697674,2934.8837209302324,613.3565116279069,7.441860465116279,17.999527762736953,133.56058914058917
